Chemical ID,SDS Code,QR Code,QR Link / Path,ชื่อสารเคมี,หน่วยงาน,กลุ่มอันตรายเบื้องต้น,PPE,Spill Kit / วิธีควบคุม,ปฐมพยาบาล,ข้อห้ามสำคัญ,สถานะทบทวน
CHEM-001,SDS-CHEM-001,QR-CHEM-001,/SDS/SDS-CHEM-001.pdf,10% Sodium hypochlorite,จ่ายกลาง (CSSD),สารออกซิไดซ์/กัดกร่อน,ถุงมือไนไตรล์; Chemical goggles; Face shield; ชุดกันสารเคมี,Oxidizer Spill Kit/วัสดุเฉื่อยที่เข้ากันได้; กั้นพื้นที่และระบายอากาศตาม SDS,ผิวหนัง/ตา: ล้างน้ำอย่างน้อย 15 นาที; สูดดม: ย้ายสู่อากาศบริสุทธิ์; มีอาการให้พบแพทย์,ห้ามผสมกรด แอมโมเนีย หรือสารทำความสะอาดอื่น; ห้ามใช้ขี้เลื่อย,ร่างเบื้องต้น—ต้องยืนยันกับ SDS ของผลิตภัณฑ์ก่อนประกาศใช้
CHEM-002,SDS-CHEM-002,QR-CHEM-002,/SDS/SDS-CHEM-002.pdf,17% EDTA,ทันตกรรม,สารคีเลต/ระคายเคือง,ถุงมือไนไตรล์; แว่นตานิรภัย; เสื้อคลุม/ผ้ากันเปื้อน,Universal/Chemical Spill Kit; กั้นพื้นที่; ดูดซับจากขอบเข้าหาศูนย์กลาง,ผิวหนัง/ตา: ล้างน้ำอย่างน้อย 15 นาที; สูดดม: ย้ายสู่อากาศบริสุทธิ์; มีอาการให้พบแพทย์,ห้ามสัมผัสมือเปล่า; ห้ามเทลงท่อ; ห้ามผสมสารอื่นโดยไม่ตรวจ SDS,ร่างเบื้องต้น—ต้องยืนยันกับ SDS ของผลิตภัณฑ์ก่อนประกาศใช้
CHEM-003,SDS-CHEM-003,QR-CHEM-003,/SDS/SDS-CHEM-003.pdf,30% Citric acid,ไตเทียม,กรด/สารกัดกร่อนหรือระคายเคือง,ถุงมือกันกรด; Chemical goggles; Face shield; ชุดกันสารเคมี,Acid Spill Kit; ใช้ตัวดูดซับ/neutralizer ที่ SDS อนุญาต,ผิวหนัง/ตา: ล้างน้ำอย่างน้อย 15 นาที; สูดดม: ย้ายสู่อากาศบริสุทธิ์; มีอาการให้พบแพทย์,ห้ามผสมด่างหรือ Sodium hypochlorite; ห้ามเทน้ำลงกรดเข้มข้น,ร่างเบื้องต้น—ต้องยืนยันกับ SDS ของผลิตภัณฑ์ก่อนประกาศใช้
CHEM-004,SDS-CHEM-004,QR-CHEM-004,/SDS/SDS-CHEM-004.pdf,30% KOH (Potassium Hydroxide),LAB,ด่างกัดกร่อน,ถุงมือกันด่าง; Chemical goggles; Face shield; ชุดกันสารเคมี,Alkali Spill Kit; ใช้ตัวดูดซับ/neutralizer ที่ SDS อนุญาต,ผิวหนัง/ตา: ล้างน้ำอย่างน้อย 15 นาที; สูดดม: ย้ายสู่อากาศบริสุทธิ์; มีอาการให้พบแพทย์,ห้ามเติมน้ำลงสารเข้มข้นโดยตรง; ห้ามผสมกรดเพื่อหวังทำให้เป็นกลาง,ร่างเบื้องต้น—ต้องยืนยันกับ SDS ของผลิตภัณฑ์ก่อนประกาศใช้
CHEM-005,SDS-CHEM-005,QR-CHEM-005,/SDS/SDS-CHEM-005.pdf,37% Phosphoric acid,ทันตกรรม,กรด/สารกัดกร่อนหรือระคายเคือง,ถุงมือกันกรด; Chemical goggles; Face shield; ชุดกันสารเคมี,Acid Spill Kit; ใช้ตัวดูดซับ/neutralizer ที่ SDS อนุญาต,ผิวหนัง/ตา: ล้างน้ำอย่างน้อย 15 นาที; สูดดม: ย้ายสู่อากาศบริสุทธิ์; มีอาการให้พบแพทย์,ห้ามผสมด่างหรือ Sodium hypochlorite; ห้ามเทน้ำลงกรดเข้มข้น,ร่างเบื้องต้น—ต้องยืนยันกับ SDS ของผลิตภัณฑ์ก่อนประกาศใช้
CHEM-006,SDS-CHEM-006,QR-CHEM-006,/SDS/SDS-CHEM-006.pdf,3rd generation quaternary ammonium compounds dual quats,x-ray,น้ำยาทำความสะอาด/ฆ่าเชื้อ/สารลดแรงตึงผิว,ถุงมือไนไตรล์; แว่นตานิรภัย; เสื้อคลุม/ผ้ากันเปื้อน,Universal/Chemical Spill Kit; กั้นพื้นที่; ดูดซับจากขอบเข้าหาศูนย์กลาง,ผิวหนัง/ตา: ล้างน้ำอย่างน้อย 15 นาที; สูดดม: ย้ายสู่อากาศบริสุทธิ์; มีอาการให้พบแพทย์,ห้ามสัมผัสมือเปล่า; ห้ามเทลงท่อ; ห้ามผสมสารอื่นโดยไม่ตรวจ SDS,ร่างเบื้องต้น—ต้องยืนยันกับ SDS ของผลิตภัณฑ์ก่อนประกาศใช้
CHEM-007,SDS-CHEM-007,QR-CHEM-007,/SDS/SDS-CHEM-007.pdf,50% Hydrogen peroxide,จ่ายกลาง (CSSD),สารออกซิไดซ์/กัดกร่อน,ถุงมือกันสารเคมี; Chemical goggles; Face shield; ชุดกันสารเคมี,Oxidizer Spill Kit; วัสดุเฉื่อยไม่ติดไฟ; ระบายอากาศตาม SDS,ผิวหนัง/ตา: ล้างน้ำอย่างน้อย 15 นาที; สูดดม: ย้ายสู่อากาศบริสุทธิ์; มีอาการให้พบแพทย์,ห้ามสัมผัสสารอินทรีย์ โลหะ หรือสารไวไฟ; ห้ามใช้ขี้เลื่อย,ร่างเบื้องต้น—ต้องยืนยันกับ SDS ของผลิตภัณฑ์ก่อนประกาศใช้
CHEM-008,SDS-CHEM-008,QR-CHEM-008,/SDS/SDS-CHEM-008.pdf,5.25% Sodium Hypochlorite,ไตเทียม,สารออกซิไดซ์/กัดกร่อน,ถุงมือไนไตรล์; Chemical goggles; Face shield; ชุดกันสารเคมี,Oxidizer Spill Kit/วัสดุเฉื่อยที่เข้ากันได้; กั้นพื้นที่และระบายอากาศตาม SDS,ผิวหนัง/ตา: ล้างน้ำอย่างน้อย 15 นาที; สูดดม: ย้ายสู่อากาศบริสุทธิ์; มีอาการให้พบแพทย์,ห้ามผสมกรด แอมโมเนีย หรือสารทำความสะอาดอื่น; ห้ามใช้ขี้เลื่อย,ร่างเบื้องต้น—ต้องยืนยันกับ SDS ของผลิตภัณฑ์ก่อนประกาศใช้
CHEM-009,SDS-CHEM-009,QR-CHEM-009,/SDS/SDS-CHEM-009.pdf,70% Alcohol,x-ray,สารไวไฟ/ตัวทำละลาย,ถุงมือที่ SDS ระบุ; Goggles; เสื้อคลุม; ตลับกรองไออินทรีย์เมื่อผ่านการประเมิน,Solvent Spill Kit; ปิดแหล่งจุดติดไฟ; ใช้วัสดุดูดซับไม่ก่อประกาย,ผิวหนัง/ตา: ล้างน้ำอย่างน้อย 15 นาที; สูดดม: ย้ายสู่อากาศบริสุทธิ์; มีอาการให้พบแพทย์,ห้ามเปลวไฟ ประกายไฟ สูบบุหรี่ หรือใช้อุปกรณ์ก่อประกาย; ห้ามลงท่อ,ร่างเบื้องต้น—ต้องยืนยันกับ SDS ของผลิตภัณฑ์ก่อนประกาศใช้
CHEM-010,SDS-CHEM-010,QR-CHEM-010,/SDS/SDS-CHEM-010.pdf,70% Ethanol Cotton Ball,ห้องยา,สารไวไฟ/ตัวทำละลาย,ถุงมือที่ SDS ระบุ; Goggles; เสื้อคลุม; ตลับกรองไออินทรีย์เมื่อผ่านการประเมิน,Solvent Spill Kit; ปิดแหล่งจุดติดไฟ; ใช้วัสดุดูดซับไม่ก่อประกาย,ผิวหนัง/ตา: ล้างน้ำอย่างน้อย 15 นาที; สูดดม: ย้ายสู่อากาศบริสุทธิ์; มีอาการให้พบแพทย์,ห้ามเปลวไฟ ประกายไฟ สูบบุหรี่ หรือใช้อุปกรณ์ก่อประกาย; ห้ามลงท่อ,ร่างเบื้องต้น—ต้องยืนยันกับ SDS ของผลิตภัณฑ์ก่อนประกาศใช้
CHEM-011,SDS-CHEM-011,QR-CHEM-011,/SDS/SDS-CHEM-011.pdf,95% Alcohol,ห้องยา (เสนอให้ยืนยัน),สารไวไฟ/ตัวทำละลาย,ถุงมือที่ SDS ระบุ; Goggles; เสื้อคลุม; ตลับกรองไออินทรีย์เมื่อผ่านการประเมิน,Solvent Spill Kit; ปิดแหล่งจุดติดไฟ; ใช้วัสดุดูดซับไม่ก่อประกาย,ผิวหนัง/ตา: ล้างน้ำอย่างน้อย 15 นาที; สูดดม: ย้ายสู่อากาศบริสุทธิ์; มีอาการให้พบแพทย์,ห้ามเปลวไฟ ประกายไฟ สูบบุหรี่ หรือใช้อุปกรณ์ก่อประกาย; ห้ามลงท่อ,ร่างเบื้องต้น—ต้องยืนยันกับ SDS ของผลิตภัณฑ์ก่อนประกาศใช้
CHEM-012,SDS-CHEM-012,QR-CHEM-012,/SDS/SDS-CHEM-012.pdf,ก้อนหอมดับกลิ่น (Deodorizer Block),บริหาร,สารให้กลิ่น/อาจระคายเคืองหรือไวไฟ,ถุงมือไนไตรล์; แว่นตานิรภัย; เสื้อคลุม/ผ้ากันเปื้อน,Universal/Chemical Spill Kit; กั้นพื้นที่; ดูดซับจากขอบเข้าหาศูนย์กลาง,ผิวหนัง/ตา: ล้างน้ำอย่างน้อย 15 นาที; สูดดม: ย้ายสู่อากาศบริสุทธิ์; มีอาการให้พบแพทย์,ห้ามสัมผัสมือเปล่า; ห้ามเทลงท่อ; ห้ามผสมสารอื่นโดยไม่ตรวจ SDS,ร่างเบื้องต้น—ต้องยืนยันกับ SDS ของผลิตภัณฑ์ก่อนประกาศใช้
CHEM-013,SDS-CHEM-013,QR-CHEM-013,/SDS/SDS-CHEM-013.pdf,กาวทาท่อน้ำ,ช่าง,สารไวไฟ/ตัวทำละลาย,ถุงมือที่ SDS ระบุ; Goggles; เสื้อคลุม; ตลับกรองไออินทรีย์เมื่อผ่านการประเมิน,Solvent Spill Kit; ปิดแหล่งจุดติดไฟ; ใช้วัสดุดูดซับไม่ก่อประกาย,ผิวหนัง/ตา: ล้างน้ำอย่างน้อย 15 นาที; สูดดม: ย้ายสู่อากาศบริสุทธิ์; มีอาการให้พบแพทย์,ห้ามเปลวไฟ ประกายไฟ สูบบุหรี่ หรือใช้อุปกรณ์ก่อประกาย; ห้ามลงท่อ,ร่างเบื้องต้น—ต้องยืนยันกับ SDS ของผลิตภัณฑ์ก่อนประกาศใช้
CHEM-014,SDS-CHEM-014,QR-CHEM-014,/SDS/SDS-CHEM-014.pdf,จารบี,ช่าง,น้ำมัน/ไข/สารอินทรีย์ความเสี่ยงต่ำถึงปานกลาง,ถุงมือไนไตรล์; แว่นตานิรภัย; เสื้อคลุม/ผ้ากันเปื้อน,Universal Spill Kit; ใช้วัสดุดูดซับน้ำมัน; ระวังพื้นลื่น,ผิวหนัง/ตา: ล้างน้ำอย่างน้อย 15 นาที; สูดดม: ย้ายสู่อากาศบริสุทธิ์; มีอาการให้พบแพทย์,ห้ามปล่อยลงท่อ; หลีกเลี่ยงแหล่งความร้อน; กั้นพื้นที่กันลื่น,ร่างเบื้องต้น—ต้องยืนยันกับ SDS ของผลิตภัณฑ์ก่อนประกาศใช้
CHEM-015,SDS-CHEM-015,QR-CHEM-015,/SDS/SDS-CHEM-015.pdf,ทินเนอร์,ช่าง,สารไวไฟ/ตัวทำละลาย,ถุงมือที่ SDS ระบุ; Goggles; เสื้อคลุม; ตลับกรองไออินทรีย์เมื่อผ่านการประเมิน,Solvent Spill Kit; ปิดแหล่งจุดติดไฟ; ใช้วัสดุดูดซับไม่ก่อประกาย,ผิวหนัง/ตา: ล้างน้ำอย่างน้อย 15 นาที; สูดดม: ย้ายสู่อากาศบริสุทธิ์; มีอาการให้พบแพทย์,ห้ามเปลวไฟ ประกายไฟ สูบบุหรี่ หรือใช้อุปกรณ์ก่อประกาย; ห้ามลงท่อ,ร่างเบื้องต้น—ต้องยืนยันกับ SDS ของผลิตภัณฑ์ก่อนประกาศใช้
CHEM-016,SDS-CHEM-016,QR-CHEM-016,/SDS/SDS-CHEM-016.pdf,น้ำมันเครื่อง,ช่าง,น้ำมัน/ไข/สารอินทรีย์ความเสี่ยงต่ำถึงปานกลาง,ถุงมือไนไตรล์; แว่นตานิรภัย; เสื้อคลุม/ผ้ากันเปื้อน,Universal Spill Kit; ใช้วัสดุดูดซับน้ำมัน; ระวังพื้นลื่น,ผิวหนัง/ตา: ล้างน้ำอย่างน้อย 15 นาที; สูดดม: ย้ายสู่อากาศบริสุทธิ์; มีอาการให้พบแพทย์,ห้ามปล่อยลงท่อ; หลีกเลี่ยงแหล่งความร้อน; กั้นพื้นที่กันลื่น,ร่างเบื้องต้น—ต้องยืนยันกับ SDS ของผลิตภัณฑ์ก่อนประกาศใช้
CHEM-017,SDS-CHEM-017,QR-CHEM-017,/SDS/SDS-CHEM-017.pdf,น้ำยาเช็ดกระจก (Glass Cleaner),บริหาร,น้ำยาทำความสะอาด/ฆ่าเชื้อ/สารลดแรงตึงผิว,ถุงมือไนไตรล์; แว่นตานิรภัย; เสื้อคลุม/ผ้ากันเปื้อน,Universal/Chemical Spill Kit; กั้นพื้นที่; ดูดซับจากขอบเข้าหาศูนย์กลาง,ผิวหนัง/ตา: ล้างน้ำอย่างน้อย 15 นาที; สูดดม: ย้ายสู่อากาศบริสุทธิ์; มีอาการให้พบแพทย์,ห้ามสัมผัสมือเปล่า; ห้ามเทลงท่อ; ห้ามผสมสารอื่นโดยไม่ตรวจ SDS,ร่างเบื้องต้น—ต้องยืนยันกับ SDS ของผลิตภัณฑ์ก่อนประกาศใช้
CHEM-018,SDS-CHEM-018,QR-CHEM-018,/SDS/SDS-CHEM-018.pdf,น้ำยาปรับผ้านุ่ม,จ่ายกลาง (CSSD),น้ำยาทำความสะอาด/ฆ่าเชื้อ/สารลดแรงตึงผิว,ถุงมือไนไตรล์; แว่นตานิรภัย; เสื้อคลุม/ผ้ากันเปื้อน,Universal/Chemical Spill Kit; กั้นพื้นที่; ดูดซับจากขอบเข้าหาศูนย์กลาง,ผิวหนัง/ตา: ล้างน้ำอย่างน้อย 15 นาที; สูดดม: ย้ายสู่อากาศบริสุทธิ์; มีอาการให้พบแพทย์,ห้ามสัมผัสมือเปล่า; ห้ามเทลงท่อ; ห้ามผสมสารอื่นโดยไม่ตรวจ SDS,ร่างเบื้องต้น—ต้องยืนยันกับ SDS ของผลิตภัณฑ์ก่อนประกาศใช้
CHEM-019,SDS-CHEM-019,QR-CHEM-019,/SDS/SDS-CHEM-019.pdf,น้ำยาผสมหมึกเครื่องปั๊มวันที่อิงค์เจ็ท Makeup / Butanone,ผลิต,สารไวไฟ/ตัวทำละลาย,ถุงมือที่ SDS ระบุ; Goggles; เสื้อคลุม; ตลับกรองไออินทรีย์เมื่อผ่านการประเมิน,Solvent Spill Kit; ปิดแหล่งจุดติดไฟ; ใช้วัสดุดูดซับไม่ก่อประกาย,ผิวหนัง/ตา: ล้างน้ำอย่างน้อย 15 นาที; สูดดม: ย้ายสู่อากาศบริสุทธิ์; มีอาการให้พบแพทย์,ห้ามเปลวไฟ ประกายไฟ สูบบุหรี่ หรือใช้อุปกรณ์ก่อประกาย; ห้ามลงท่อ,ร่างเบื้องต้น—ต้องยืนยันกับ SDS ของผลิตภัณฑ์ก่อนประกาศใช้
CHEM-020,SDS-CHEM-020,QR-CHEM-020,/SDS/SDS-CHEM-020.pdf,น้ำยาละลายวัสดุพิมพ์ปาก,ทันตกรรม,สารเคมีทั่วไป/ระคายเคือง,ถุงมือไนไตรล์; แว่นตานิรภัย; เสื้อคลุม/ผ้ากันเปื้อน,Universal/Chemical Spill Kit; กั้นพื้นที่; ดูดซับจากขอบเข้าหาศูนย์กลาง,ผิวหนัง/ตา: ล้างน้ำอย่างน้อย 15 นาที; สูดดม: ย้ายสู่อากาศบริสุทธิ์; มีอาการให้พบแพทย์,ห้ามสัมผัสมือเปล่า; ห้ามเทลงท่อ; ห้ามผสมสารอื่นโดยไม่ตรวจ SDS,ร่างเบื้องต้น—ต้องยืนยันกับ SDS ของผลิตภัณฑ์ก่อนประกาศใช้
CHEM-021,SDS-CHEM-021,QR-CHEM-021,/SDS/SDS-CHEM-021.pdf,น้ำยาล้างจาน (Dishwashing Liquid),บริหาร/แม่บ้าน (เสนอให้ยืนยัน),น้ำยาทำความสะอาด/ฆ่าเชื้อ/สารลดแรงตึงผิว,ถุงมือไนไตรล์; แว่นตานิรภัย; เสื้อคลุม/ผ้ากันเปื้อน,Universal/Chemical Spill Kit; กั้นพื้นที่; ดูดซับจากขอบเข้าหาศูนย์กลาง,ผิวหนัง/ตา: ล้างน้ำอย่างน้อย 15 นาที; สูดดม: ย้ายสู่อากาศบริสุทธิ์; มีอาการให้พบแพทย์,ห้ามสัมผัสมือเปล่า; ห้ามเทลงท่อ; ห้ามผสมสารอื่นโดยไม่ตรวจ SDS,ร่างเบื้องต้น—ต้องยืนยันกับ SDS ของผลิตภัณฑ์ก่อนประกาศใช้
CHEM-022,SDS-CHEM-022,QR-CHEM-022,/SDS/SDS-CHEM-022.pdf,น้ำยาล้างมือ (Hand Soap),บริหาร/แม่บ้าน (เสนอให้ยืนยัน),น้ำยาทำความสะอาด/ฆ่าเชื้อ/สารลดแรงตึงผิว,ถุงมือไนไตรล์; แว่นตานิรภัย; เสื้อคลุม/ผ้ากันเปื้อน,Universal/Chemical Spill Kit; กั้นพื้นที่; ดูดซับจากขอบเข้าหาศูนย์กลาง,ผิวหนัง/ตา: ล้างน้ำอย่างน้อย 15 นาที; สูดดม: ย้ายสู่อากาศบริสุทธิ์; มีอาการให้พบแพทย์,ห้ามสัมผัสมือเปล่า; ห้ามเทลงท่อ; ห้ามผสมสารอื่นโดยไม่ตรวจ SDS,ร่างเบื้องต้น—ต้องยืนยันกับ SDS ของผลิตภัณฑ์ก่อนประกาศใช้
CHEM-023,SDS-CHEM-023,QR-CHEM-023,/SDS/SDS-CHEM-023.pdf,ผงซักฟอก (Detergent),บริหาร/แม่บ้าน/ซักฟอก (เสนอให้ยืนยัน),น้ำยาทำความสะอาด/ฆ่าเชื้อ/สารลดแรงตึงผิว,ถุงมือไนไตรล์; แว่นตานิรภัย; เสื้อคลุม/ผ้ากันเปื้อน,Universal/Chemical Spill Kit; กั้นพื้นที่; ดูดซับจากขอบเข้าหาศูนย์กลาง,ผิวหนัง/ตา: ล้างน้ำอย่างน้อย 15 นาที; สูดดม: ย้ายสู่อากาศบริสุทธิ์; มีอาการให้พบแพทย์,ห้ามสัมผัสมือเปล่า; ห้ามเทลงท่อ; ห้ามผสมสารอื่นโดยไม่ตรวจ SDS,ร่างเบื้องต้น—ต้องยืนยันกับ SDS ของผลิตภัณฑ์ก่อนประกาศใช้
CHEM-024,SDS-CHEM-024,QR-CHEM-024,/SDS/SDS-CHEM-024.pdf,โพรเพน (C3H8) / บิวเทน (C4H10),โภชนาการ,ก๊าซไวไฟภายใต้ความดัน,ถุงมือ; แว่นตา; ชุดไม่ก่อไฟฟ้าสถิตตามความเหมาะสม,อพยพ; ปิดวาล์วเมื่อทำได้อย่างปลอดภัย; ระบายอากาศ; แจ้งทีมฉุกเฉิน,สูดดม: ย้ายสู่อากาศบริสุทธิ์; สัมผัสของเหลวเย็น: ดูแลแผลเย็นจัดและพบแพทย์,ห้ามเปิด-ปิดสวิตช์ไฟ; ห้ามเปลวไฟ/ประกาย; ห้ามเข้าควบคุมหากรั่วมาก,ร่างเบื้องต้น—ต้องยืนยันกับ SDS ของผลิตภัณฑ์ก่อนประกาศใช้
CHEM-025,SDS-CHEM-025,QR-CHEM-025,/SDS/SDS-CHEM-025.pdf,ยาฉีดยุง (Mosquito Spray),บริหาร,สารไวไฟ/ตัวทำละลาย,ถุงมือที่ SDS ระบุ; Goggles; เสื้อคลุม; ตลับกรองไออินทรีย์เมื่อผ่านการประเมิน,Solvent Spill Kit; ปิดแหล่งจุดติดไฟ; ใช้วัสดุดูดซับไม่ก่อประกาย,ผิวหนัง/ตา: ล้างน้ำอย่างน้อย 15 นาที; สูดดม: ย้ายสู่อากาศบริสุทธิ์; มีอาการให้พบแพทย์,ห้ามเปลวไฟ ประกายไฟ สูบบุหรี่ หรือใช้อุปกรณ์ก่อประกาย; ห้ามลงท่อ,ร่างเบื้องต้น—ต้องยืนยันกับ SDS ของผลิตภัณฑ์ก่อนประกาศใช้
CHEM-026,SDS-CHEM-026,QR-CHEM-026,/SDS/SDS-CHEM-026.pdf,สเปรย์น้ำหอมปรับอากาศ,บริหาร/แม่บ้าน (เสนอให้ยืนยัน),สารไวไฟ/ตัวทำละลาย,ถุงมือที่ SDS ระบุ; Goggles; เสื้อคลุม; ตลับกรองไออินทรีย์เมื่อผ่านการประเมิน,Solvent Spill Kit; ปิดแหล่งจุดติดไฟ; ใช้วัสดุดูดซับไม่ก่อประกาย,ผิวหนัง/ตา: ล้างน้ำอย่างน้อย 15 นาที; สูดดม: ย้ายสู่อากาศบริสุทธิ์; มีอาการให้พบแพทย์,ห้ามเปลวไฟ ประกายไฟ สูบบุหรี่ หรือใช้อุปกรณ์ก่อประกาย; ห้ามลงท่อ,ร่างเบื้องต้น—ต้องยืนยันกับ SDS ของผลิตภัณฑ์ก่อนประกาศใช้
CHEM-027,SDS-CHEM-027,QR-CHEM-027,/SDS/SDS-CHEM-027.pdf,สีสเปรย์,ช่าง,สารไวไฟ/ตัวทำละลาย,ถุงมือที่ SDS ระบุ; Goggles; เสื้อคลุม; ตลับกรองไออินทรีย์เมื่อผ่านการประเมิน,Solvent Spill Kit; ปิดแหล่งจุดติดไฟ; ใช้วัสดุดูดซับไม่ก่อประกาย,ผิวหนัง/ตา: ล้างน้ำอย่างน้อย 15 นาที; สูดดม: ย้ายสู่อากาศบริสุทธิ์; มีอาการให้พบแพทย์,ห้ามเปลวไฟ ประกายไฟ สูบบุหรี่ หรือใช้อุปกรณ์ก่อประกาย; ห้ามลงท่อ,ร่างเบื้องต้น—ต้องยืนยันกับ SDS ของผลิตภัณฑ์ก่อนประกาศใช้
CHEM-028,SDS-CHEM-028,QR-CHEM-028,/SDS/SDS-CHEM-028.pdf,หมึกพิมพ์เครื่องปั๊มวันที่อิงค์เจ็ท Solvent ink,ผลิต,สารไวไฟ/ตัวทำละลาย,ถุงมือที่ SDS ระบุ; Goggles; เสื้อคลุม; ตลับกรองไออินทรีย์เมื่อผ่านการประเมิน,Solvent Spill Kit; ปิดแหล่งจุดติดไฟ; ใช้วัสดุดูดซับไม่ก่อประกาย,ผิวหนัง/ตา: ล้างน้ำอย่างน้อย 15 นาที; สูดดม: ย้ายสู่อากาศบริสุทธิ์; มีอาการให้พบแพทย์,ห้ามเปลวไฟ ประกายไฟ สูบบุหรี่ หรือใช้อุปกรณ์ก่อประกาย; ห้ามลงท่อ,ร่างเบื้องต้น—ต้องยืนยันกับ SDS ของผลิตภัณฑ์ก่อนประกาศใช้
CHEM-029,SDS-CHEM-029,QR-CHEM-029,/SDS/SDS-CHEM-029.pdf,อะมัลกัม (400 mg / 600 mg ต่อเม็ด),ทันตกรรม,สารเคมีทั่วไป/ระคายเคือง,ถุงมือไนไตรล์; แว่นตานิรภัย; เสื้อคลุม/ผ้ากันเปื้อน,Universal/Chemical Spill Kit; กั้นพื้นที่; ดูดซับจากขอบเข้าหาศูนย์กลาง,ผิวหนัง/ตา: ล้างน้ำอย่างน้อย 15 นาที; สูดดม: ย้ายสู่อากาศบริสุทธิ์; มีอาการให้พบแพทย์,ห้ามสัมผัสมือเปล่า; ห้ามเทลงท่อ; ห้ามผสมสารอื่นโดยไม่ตรวจ SDS,ร่างเบื้องต้น—ต้องยืนยันกับ SDS ของผลิตภัณฑ์ก่อนประกาศใช้
CHEM-030,SDS-CHEM-030,QR-CHEM-030,/SDS/SDS-CHEM-030.pdf,Acetone (Gram stain Decolorized),ห้องปฏิบัติการ (LAB),สารไวไฟ/ตัวทำละลาย,ถุงมือที่ SDS ระบุ; Goggles; เสื้อคลุม; ตลับกรองไออินทรีย์เมื่อผ่านการประเมิน,Solvent Spill Kit; ปิดแหล่งจุดติดไฟ; ใช้วัสดุดูดซับไม่ก่อประกาย,ผิวหนัง/ตา: ล้างน้ำอย่างน้อย 15 นาที; สูดดม: ย้ายสู่อากาศบริสุทธิ์; มีอาการให้พบแพทย์,ห้ามเปลวไฟ ประกายไฟ สูบบุหรี่ หรือใช้อุปกรณ์ก่อประกาย; ห้ามลงท่อ,ร่างเบื้องต้น—ต้องยืนยันกับ SDS ของผลิตภัณฑ์ก่อนประกาศใช้
CHEM-031,SDS-CHEM-031,QR-CHEM-031,/SDS/SDS-CHEM-031.pdf,Acrylic Resin Liquid,ทันตกรรม,สารไวไฟ/ตัวทำละลาย,ถุงมือที่ SDS ระบุ; Goggles; เสื้อคลุม; ตลับกรองไออินทรีย์เมื่อผ่านการประเมิน,Solvent Spill Kit; ปิดแหล่งจุดติดไฟ; ใช้วัสดุดูดซับไม่ก่อประกาย,ผิวหนัง/ตา: ล้างน้ำอย่างน้อย 15 นาที; สูดดม: ย้ายสู่อากาศบริสุทธิ์; มีอาการให้พบแพทย์,ห้ามเปลวไฟ ประกายไฟ สูบบุหรี่ หรือใช้อุปกรณ์ก่อประกาย; ห้ามลงท่อ,ร่างเบื้องต้น—ต้องยืนยันกับ SDS ของผลิตภัณฑ์ก่อนประกาศใช้
CHEM-032,SDS-CHEM-032,QR-CHEM-032,/SDS/SDS-CHEM-032.pdf,Alcohol Hand Gel (4 OZ with Pump),IC/บริหารกลาง (เสนอให้ยืนยัน),สารไวไฟ/ตัวทำละลาย,ถุงมือที่ SDS ระบุ; Goggles; เสื้อคลุม; ตลับกรองไออินทรีย์เมื่อผ่านการประเมิน,Solvent Spill Kit; ปิดแหล่งจุดติดไฟ; ใช้วัสดุดูดซับไม่ก่อประกาย,ผิวหนัง/ตา: ล้างน้ำอย่างน้อย 15 นาที; สูดดม: ย้ายสู่อากาศบริสุทธิ์; มีอาการให้พบแพทย์,ห้ามเปลวไฟ ประกายไฟ สูบบุหรี่ หรือใช้อุปกรณ์ก่อประกาย; ห้ามลงท่อ,ร่างเบื้องต้น—ต้องยืนยันกับ SDS ของผลิตภัณฑ์ก่อนประกาศใช้
CHEM-033,SDS-CHEM-033,QR-CHEM-033,/SDS/SDS-CHEM-033.pdf,Alkyl Polyglycoside,จ่ายกลาง (CSSD),น้ำยาทำความสะอาด/ฆ่าเชื้อ/สารลดแรงตึงผิว,ถุงมือไนไตรล์; แว่นตานิรภัย; เสื้อคลุม/ผ้ากันเปื้อน,Universal/Chemical Spill Kit; กั้นพื้นที่; ดูดซับจากขอบเข้าหาศูนย์กลาง,ผิวหนัง/ตา: ล้างน้ำอย่างน้อย 15 นาที; สูดดม: ย้ายสู่อากาศบริสุทธิ์; มีอาการให้พบแพทย์,ห้ามสัมผัสมือเปล่า; ห้ามเทลงท่อ; ห้ามผสมสารอื่นโดยไม่ตรวจ SDS,ร่างเบื้องต้น—ต้องยืนยันกับ SDS ของผลิตภัณฑ์ก่อนประกาศใช้
CHEM-034,SDS-CHEM-034,QR-CHEM-034,/SDS/SDS-CHEM-034.pdf,Ammonia Carbonate,ห้องยา (เสนอให้ยืนยัน),สารระคายเคือง/ปล่อยไอแอมโมเนีย,ถุงมือ; Goggles; หน้ากากตาม SDS เมื่อมีฝุ่น/ไอ,Universal Spill Kit; ระบายอากาศ,ผิวหนัง/ตา: ล้างน้ำอย่างน้อย 15 นาที; สูดดม: ย้ายสู่อากาศบริสุทธิ์; มีอาการให้พบแพทย์,ห้ามผสมกรดหรือ Sodium hypochlorite; ห้ามสูดดม,ร่างเบื้องต้น—ต้องยืนยันกับ SDS ของผลิตภัณฑ์ก่อนประกาศใช้
CHEM-035,SDS-CHEM-035,QR-CHEM-035,/SDS/SDS-CHEM-035.pdf,Ammonium Lauryl Sulfate,OPD,น้ำยาทำความสะอาด/ฆ่าเชื้อ/สารลดแรงตึงผิว,ถุงมือไนไตรล์; แว่นตานิรภัย; เสื้อคลุม/ผ้ากันเปื้อน,Universal/Chemical Spill Kit; กั้นพื้นที่; ดูดซับจากขอบเข้าหาศูนย์กลาง,ผิวหนัง/ตา: ล้างน้ำอย่างน้อย 15 นาที; สูดดม: ย้ายสู่อากาศบริสุทธิ์; มีอาการให้พบแพทย์,ห้ามสัมผัสมือเปล่า; ห้ามเทลงท่อ; ห้ามผสมสารอื่นโดยไม่ตรวจ SDS,ร่างเบื้องต้น—ต้องยืนยันกับ SDS ของผลิตภัณฑ์ก่อนประกาศใช้
CHEM-036,SDS-CHEM-036,QR-CHEM-036,/SDS/SDS-CHEM-036.pdf,"Amylase, Protease, Lipase",จ่ายกลาง (CSSD),น้ำยาทำความสะอาด/ฆ่าเชื้อ/สารลดแรงตึงผิว,ถุงมือไนไตรล์; แว่นตานิรภัย; เสื้อคลุม/ผ้ากันเปื้อน,Universal/Chemical Spill Kit; กั้นพื้นที่; ดูดซับจากขอบเข้าหาศูนย์กลาง,ผิวหนัง/ตา: ล้างน้ำอย่างน้อย 15 นาที; สูดดม: ย้ายสู่อากาศบริสุทธิ์; มีอาการให้พบแพทย์,ห้ามสัมผัสมือเปล่า; ห้ามเทลงท่อ; ห้ามผสมสารอื่นโดยไม่ตรวจ SDS,ร่างเบื้องต้น—ต้องยืนยันกับ SDS ของผลิตภัณฑ์ก่อนประกาศใช้
CHEM-037,SDS-CHEM-037,QR-CHEM-037,/SDS/SDS-CHEM-037.pdf,Aniosyme DLT Plus,ทันตกรรม,น้ำยาทำความสะอาด/ฆ่าเชื้อ/สารลดแรงตึงผิว,ถุงมือไนไตรล์; แว่นตานิรภัย; เสื้อคลุม/ผ้ากันเปื้อน,Universal/Chemical Spill Kit; กั้นพื้นที่; ดูดซับจากขอบเข้าหาศูนย์กลาง,ผิวหนัง/ตา: ล้างน้ำอย่างน้อย 15 นาที; สูดดม: ย้ายสู่อากาศบริสุทธิ์; มีอาการให้พบแพทย์,ห้ามสัมผัสมือเปล่า; ห้ามเทลงท่อ; ห้ามผสมสารอื่นโดยไม่ตรวจ SDS,ร่างเบื้องต้น—ต้องยืนยันกับ SDS ของผลิตภัณฑ์ก่อนประกาศใช้
CHEM-038,SDS-CHEM-038,QR-CHEM-038,/SDS/SDS-CHEM-038.pdf,Bacillus subtilis,จ่ายกลาง (CSSD),ชีววัตถุ/ตัวชี้วัดชีวภาพ,ถุงมือ; เสื้อคลุม; แว่นตาเมื่อเสี่ยงกระเด็น,Biohazard Spill Kit ตาม IC; ดูดซับและใช้น้ำยาฆ่าเชื้อตามคู่มือผลิตภัณฑ์,ล้างผิวหนัง/ตา; หากเข้าบาดแผลหรือมีอาการให้ประเมินทางการแพทย์,ห้ามจัดการแบบสารเคมีทั่วไป; ห้ามทำให้เกิดละออง; ปฏิบัติตามแนวทาง IC,ร่างเบื้องต้น—ต้องยืนยันกับ SDS ของผลิตภัณฑ์ก่อนประกาศใช้
CHEM-039,SDS-CHEM-039,QR-CHEM-039,/SDS/SDS-CHEM-039.pdf,Beeswax,ผลิต,น้ำมัน/ไข/สารอินทรีย์ความเสี่ยงต่ำถึงปานกลาง,ถุงมือไนไตรล์; แว่นตานิรภัย; เสื้อคลุม/ผ้ากันเปื้อน,Universal Spill Kit; ใช้วัสดุดูดซับน้ำมัน; ระวังพื้นลื่น,ผิวหนัง/ตา: ล้างน้ำอย่างน้อย 15 นาที; สูดดม: ย้ายสู่อากาศบริสุทธิ์; มีอาการให้พบแพทย์,ห้ามปล่อยลงท่อ; หลีกเลี่ยงแหล่งความร้อน; กั้นพื้นที่กันลื่น,ร่างเบื้องต้น—ต้องยืนยันกับ SDS ของผลิตภัณฑ์ก่อนประกาศใช้
CHEM-040,SDS-CHEM-040,QR-CHEM-040,/SDS/SDS-CHEM-040.pdf,Benzoic Acid,ผลิต,กรด/สารกัดกร่อนหรือระคายเคือง,ถุงมือกันกรด; Chemical goggles; Face shield; ชุดกันสารเคมี,Acid Spill Kit; ใช้ตัวดูดซับ/neutralizer ที่ SDS อนุญาต,ผิวหนัง/ตา: ล้างน้ำอย่างน้อย 15 นาที; สูดดม: ย้ายสู่อากาศบริสุทธิ์; มีอาการให้พบแพทย์,ห้ามผสมด่างหรือ Sodium hypochlorite; ห้ามเทน้ำลงกรดเข้มข้น,ร่างเบื้องต้น—ต้องยืนยันกับ SDS ของผลิตภัณฑ์ก่อนประกาศใช้
CHEM-041,SDS-CHEM-041,QR-CHEM-041,/SDS/SDS-CHEM-041.pdf,Betadine Scrub 120 ml,ห้องยา,น้ำยาทำความสะอาด/ฆ่าเชื้อ/สารลดแรงตึงผิว,ถุงมือไนไตรล์; แว่นตานิรภัย; เสื้อคลุม/ผ้ากันเปื้อน,Universal/Chemical Spill Kit; กั้นพื้นที่; ดูดซับจากขอบเข้าหาศูนย์กลาง,ผิวหนัง/ตา: ล้างน้ำอย่างน้อย 15 นาที; สูดดม: ย้ายสู่อากาศบริสุทธิ์; มีอาการให้พบแพทย์,ห้ามสัมผัสมือเปล่า; ห้ามเทลงท่อ; ห้ามผสมสารอื่นโดยไม่ตรวจ SDS,ร่างเบื้องต้น—ต้องยืนยันกับ SDS ของผลิตภัณฑ์ก่อนประกาศใช้
CHEM-042,SDS-CHEM-042,QR-CHEM-042,/SDS/SDS-CHEM-042.pdf,"Betadine Solution 10% 30 ml, 60 ml",ห้องยา,น้ำยาทำความสะอาด/ฆ่าเชื้อ/สารลดแรงตึงผิว,ถุงมือไนไตรล์; แว่นตานิรภัย; เสื้อคลุม/ผ้ากันเปื้อน,Universal/Chemical Spill Kit; กั้นพื้นที่; ดูดซับจากขอบเข้าหาศูนย์กลาง,ผิวหนัง/ตา: ล้างน้ำอย่างน้อย 15 นาที; สูดดม: ย้ายสู่อากาศบริสุทธิ์; มีอาการให้พบแพทย์,ห้ามสัมผัสมือเปล่า; ห้ามเทลงท่อ; ห้ามผสมสารอื่นโดยไม่ตรวจ SDS,ร่างเบื้องต้น—ต้องยืนยันกับ SDS ของผลิตภัณฑ์ก่อนประกาศใช้
CHEM-043,SDS-CHEM-043,QR-CHEM-043,/SDS/SDS-CHEM-043.pdf,Borneol flasks,ผลิต,สารอินทรีย์มีกลิ่น/อาจไวไฟหรือระคายเคือง,ถุงมือไนไตรล์; แว่นตานิรภัย; เสื้อคลุม/ผ้ากันเปื้อน,Universal/Solvent Spill Kit ตาม SDS; เก็บห่างแหล่งจุดติดไฟ,ผิวหนัง/ตา: ล้างน้ำอย่างน้อย 15 นาที; สูดดม: ย้ายสู่อากาศบริสุทธิ์; มีอาการให้พบแพทย์,ห้ามความร้อน/ประกายไฟเมื่อ SDS ระบุไวไฟ; ห้ามรับประทาน,ร่างเบื้องต้น—ต้องยืนยันกับ SDS ของผลิตภัณฑ์ก่อนประกาศใช้
CHEM-044,SDS-CHEM-044,QR-CHEM-044,/SDS/SDS-CHEM-044.pdf,Buffer (Wright-Giemsa),LAB,สีย้อม/รีเอเจนต์ห้องปฏิบัติการ,ถุงมือไนไตรล์; Goggles; เสื้อคลุม; หน้ากากเมื่อเป็นผง/มีไอตาม SDS,Universal/Chemical Spill Kit; กั้นพื้นที่; ดูดซับจากขอบเข้าหาศูนย์กลาง,ผิวหนัง/ตา: ล้างน้ำอย่างน้อย 15 นาที; สูดดม: ย้ายสู่อากาศบริสุทธิ์; มีอาการให้พบแพทย์,ห้ามสัมผัสมือเปล่า; ห้ามเทลงท่อ; ห้ามผสมสารอื่นโดยไม่ตรวจ SDS,ร่างเบื้องต้น—ต้องยืนยันกับ SDS ของผลิตภัณฑ์ก่อนประกาศใช้
CHEM-045,SDS-CHEM-045,QR-CHEM-045,/SDS/SDS-CHEM-045.pdf,Calcium hypochlorite 65%,ปฐมภูมิ,สารออกซิไดซ์/กัดกร่อน,ถุงมือไนไตรล์; Chemical goggles; Face shield; ชุดกันสารเคมี,Oxidizer Spill Kit/วัสดุเฉื่อยที่เข้ากันได้; กั้นพื้นที่และระบายอากาศตาม SDS,ผิวหนัง/ตา: ล้างน้ำอย่างน้อย 15 นาที; สูดดม: ย้ายสู่อากาศบริสุทธิ์; มีอาการให้พบแพทย์,ห้ามผสมกรด แอมโมเนีย หรือสารทำความสะอาดอื่น; ห้ามใช้ขี้เลื่อย,ร่างเบื้องต้น—ต้องยืนยันกับ SDS ของผลิตภัณฑ์ก่อนประกาศใช้
CHEM-046,SDS-CHEM-046,QR-CHEM-046,/SDS/SDS-CHEM-046.pdf,Camphor,ผลิต,สารอินทรีย์มีกลิ่น/อาจไวไฟหรือระคายเคือง,ถุงมือไนไตรล์; แว่นตานิรภัย; เสื้อคลุม/ผ้ากันเปื้อน,Universal/Solvent Spill Kit ตาม SDS; เก็บห่างแหล่งจุดติดไฟ,ผิวหนัง/ตา: ล้างน้ำอย่างน้อย 15 นาที; สูดดม: ย้ายสู่อากาศบริสุทธิ์; มีอาการให้พบแพทย์,ห้ามความร้อน/ประกายไฟเมื่อ SDS ระบุไวไฟ; ห้ามรับประทาน,ร่างเบื้องต้น—ต้องยืนยันกับ SDS ของผลิตภัณฑ์ก่อนประกาศใช้
CHEM-047,SDS-CHEM-047,QR-CHEM-047,/SDS/SDS-CHEM-047.pdf,Carbol fuchsin (AFB),LAB,สีย้อม/รีเอเจนต์ห้องปฏิบัติการ,ถุงมือไนไตรล์; Goggles; เสื้อคลุม; หน้ากากเมื่อเป็นผง/มีไอตาม SDS,Universal/Chemical Spill Kit; กั้นพื้นที่; ดูดซับจากขอบเข้าหาศูนย์กลาง,ผิวหนัง/ตา: ล้างน้ำอย่างน้อย 15 นาที; สูดดม: ย้ายสู่อากาศบริสุทธิ์; มีอาการให้พบแพทย์,ห้ามสัมผัสมือเปล่า; ห้ามเทลงท่อ; ห้ามผสมสารอื่นโดยไม่ตรวจ SDS,ร่างเบื้องต้น—ต้องยืนยันกับ SDS ของผลิตภัณฑ์ก่อนประกาศใช้
CHEM-048,SDS-CHEM-048,QR-CHEM-048,/SDS/SDS-CHEM-048.pdf,Cavicide,ทันตกรรม,น้ำยาทำความสะอาด/ฆ่าเชื้อ/สารลดแรงตึงผิว,ถุงมือไนไตรล์; แว่นตานิรภัย; เสื้อคลุม/ผ้ากันเปื้อน,Universal/Chemical Spill Kit; กั้นพื้นที่; ดูดซับจากขอบเข้าหาศูนย์กลาง,ผิวหนัง/ตา: ล้างน้ำอย่างน้อย 15 นาที; สูดดม: ย้ายสู่อากาศบริสุทธิ์; มีอาการให้พบแพทย์,ห้ามสัมผัสมือเปล่า; ห้ามเทลงท่อ; ห้ามผสมสารอื่นโดยไม่ตรวจ SDS,ร่างเบื้องต้น—ต้องยืนยันกับ SDS ของผลิตภัณฑ์ก่อนประกาศใช้
CHEM-049,SDS-CHEM-049,QR-CHEM-049,/SDS/SDS-CHEM-049.pdf,Cetyl alcohol,ผลิต,สารไวไฟ/ตัวทำละลาย,ถุงมือที่ SDS ระบุ; Goggles; เสื้อคลุม; ตลับกรองไออินทรีย์เมื่อผ่านการประเมิน,Solvent Spill Kit; ปิดแหล่งจุดติดไฟ; ใช้วัสดุดูดซับไม่ก่อประกาย,ผิวหนัง/ตา: ล้างน้ำอย่างน้อย 15 นาที; สูดดม: ย้ายสู่อากาศบริสุทธิ์; มีอาการให้พบแพทย์,ห้ามเปลวไฟ ประกายไฟ สูบบุหรี่ หรือใช้อุปกรณ์ก่อประกาย; ห้ามลงท่อ,ร่างเบื้องต้น—ต้องยืนยันกับ SDS ของผลิตภัณฑ์ก่อนประกาศใช้
CHEM-050,SDS-CHEM-050,QR-CHEM-050,/SDS/SDS-CHEM-050.pdf,Chlorhexidine 2% in Alcohol 70%,IC/ห้องยา/หน่วยใช้กลาง,สารไวไฟ/ตัวทำละลาย,ถุงมือที่ SDS ระบุ; Goggles; เสื้อคลุม; ตลับกรองไออินทรีย์เมื่อผ่านการประเมิน,Solvent Spill Kit; ปิดแหล่งจุดติดไฟ; ใช้วัสดุดูดซับไม่ก่อประกาย,ผิวหนัง/ตา: ล้างน้ำอย่างน้อย 15 นาที; สูดดม: ย้ายสู่อากาศบริสุทธิ์; มีอาการให้พบแพทย์,ห้ามเปลวไฟ ประกายไฟ สูบบุหรี่ หรือใช้อุปกรณ์ก่อประกาย; ห้ามลงท่อ,ร่างเบื้องต้น—ต้องยืนยันกับ SDS ของผลิตภัณฑ์ก่อนประกาศใช้
CHEM-051,SDS-CHEM-051,QR-CHEM-051,/SDS/SDS-CHEM-051.pdf,"Chlorhexidine Scrub 4% / Hibi Scrub 500ml,100ml",ห้องยา/หน่วยใช้กลาง,น้ำยาทำความสะอาด/ฆ่าเชื้อ/สารลดแรงตึงผิว,ถุงมือไนไตรล์; แว่นตานิรภัย; เสื้อคลุม/ผ้ากันเปื้อน,Universal/Chemical Spill Kit; กั้นพื้นที่; ดูดซับจากขอบเข้าหาศูนย์กลาง,ผิวหนัง/ตา: ล้างน้ำอย่างน้อย 15 นาที; สูดดม: ย้ายสู่อากาศบริสุทธิ์; มีอาการให้พบแพทย์,ห้ามสัมผัสมือเปล่า; ห้ามเทลงท่อ; ห้ามผสมสารอื่นโดยไม่ตรวจ SDS,ร่างเบื้องต้น—ต้องยืนยันกับ SDS ของผลิตภัณฑ์ก่อนประกาศใช้
CHEM-052,SDS-CHEM-052,QR-CHEM-052,/SDS/SDS-CHEM-052.pdf,"Citric acid-1-hydrate, Lactic acid, Malic acid",ไตเทียม,กรด/สารกัดกร่อนหรือระคายเคือง,ถุงมือกันกรด; Chemical goggles; Face shield; ชุดกันสารเคมี,Acid Spill Kit; ใช้ตัวดูดซับ/neutralizer ที่ SDS อนุญาต,ผิวหนัง/ตา: ล้างน้ำอย่างน้อย 15 นาที; สูดดม: ย้ายสู่อากาศบริสุทธิ์; มีอาการให้พบแพทย์,ห้ามผสมด่างหรือ Sodium hypochlorite; ห้ามเทน้ำลงกรดเข้มข้น,ร่างเบื้องต้น—ต้องยืนยันกับ SDS ของผลิตภัณฑ์ก่อนประกาศใช้
CHEM-053,SDS-CHEM-053,QR-CHEM-053,/SDS/SDS-CHEM-053.pdf,Crystal violet (Gram stain),LAB,สีย้อม/รีเอเจนต์ห้องปฏิบัติการ,ถุงมือไนไตรล์; Goggles; เสื้อคลุม; หน้ากากเมื่อเป็นผง/มีไอตาม SDS,Universal/Chemical Spill Kit; กั้นพื้นที่; ดูดซับจากขอบเข้าหาศูนย์กลาง,ผิวหนัง/ตา: ล้างน้ำอย่างน้อย 15 นาที; สูดดม: ย้ายสู่อากาศบริสุทธิ์; มีอาการให้พบแพทย์,ห้ามสัมผัสมือเปล่า; ห้ามเทลงท่อ; ห้ามผสมสารอื่นโดยไม่ตรวจ SDS,ร่างเบื้องต้น—ต้องยืนยันกับ SDS ของผลิตภัณฑ์ก่อนประกาศใช้
CHEM-054,SDS-CHEM-054,QR-CHEM-054,/SDS/SDS-CHEM-054.pdf,Decolorized acid alcohol (AFB),LAB,กรด/สารกัดกร่อนหรือระคายเคือง,ถุงมือกันกรด; Chemical goggles; Face shield; ชุดกันสารเคมี,Acid Spill Kit; ใช้ตัวดูดซับ/neutralizer ที่ SDS อนุญาต,ผิวหนัง/ตา: ล้างน้ำอย่างน้อย 15 นาที; สูดดม: ย้ายสู่อากาศบริสุทธิ์; มีอาการให้พบแพทย์,ห้ามผสมด่างหรือ Sodium hypochlorite; ห้ามเทน้ำลงกรดเข้มข้น,ร่างเบื้องต้น—ต้องยืนยันกับ SDS ของผลิตภัณฑ์ก่อนประกาศใช้
CHEM-055,SDS-CHEM-055,QR-CHEM-055,/SDS/SDS-CHEM-055.pdf,Developer (น้ำยาสร้างภาพบนฟิล์ม),ทันตกรรม,น้ำยาถ่ายภาพ/สารระคายเคือง,ถุงมือไนไตรล์; Goggles; Face shield เมื่อเสี่ยงกระเด็น,Chemical Spill Kit; แยกเก็บของเสียเฉพาะ; ห้ามลงท่อ,ผิวหนัง/ตา: ล้างน้ำอย่างน้อย 15 นาที; สูดดม: ย้ายสู่อากาศบริสุทธิ์; มีอาการให้พบแพทย์,ห้ามผสม Developer กับ Fixer หรือสารทำความสะอาดอื่น; ห้ามทิ้งลงท่อ,ร่างเบื้องต้น—ต้องยืนยันกับ SDS ของผลิตภัณฑ์ก่อนประกาศใช้
CHEM-056,SDS-CHEM-056,QR-CHEM-056,/SDS/SDS-CHEM-056.pdf,Die Stone Type3,ทันตกรรม,ผงแร่/ฝุ่นระคายเคือง,ถุงมือ; แว่นตา; หน้ากากกันฝุ่น,เก็บแบบแห้งอย่างระมัดระวัง; หลีกเลี่ยงการฟุ้ง,ผิวหนัง/ตา: ล้างน้ำอย่างน้อย 15 นาที; สูดดม: ย้ายสู่อากาศบริสุทธิ์; มีอาการให้พบแพทย์,ห้ามกวาดแห้งแรง ๆ หรือเป่าด้วยลม; ห้ามสูดดมฝุ่น,ร่างเบื้องต้น—ต้องยืนยันกับ SDS ของผลิตภัณฑ์ก่อนประกาศใช้
CHEM-057,SDS-CHEM-057,QR-CHEM-057,/SDS/SDS-CHEM-057.pdf,Die Stone Type4,ทันตกรรม,ผงแร่/ฝุ่นระคายเคือง,ถุงมือ; แว่นตา; หน้ากากกันฝุ่น,เก็บแบบแห้งอย่างระมัดระวัง; หลีกเลี่ยงการฟุ้ง,ผิวหนัง/ตา: ล้างน้ำอย่างน้อย 15 นาที; สูดดม: ย้ายสู่อากาศบริสุทธิ์; มีอาการให้พบแพทย์,ห้ามกวาดแห้งแรง ๆ หรือเป่าด้วยลม; ห้ามสูดดมฝุ่น,ร่างเบื้องต้น—ต้องยืนยันกับ SDS ของผลิตภัณฑ์ก่อนประกาศใช้
CHEM-058,SDS-CHEM-058,QR-CHEM-058,/SDS/SDS-CHEM-058.pdf,Disinfectant Wipes,ทันตกรรม,น้ำยาทำความสะอาด/ฆ่าเชื้อ/สารลดแรงตึงผิว,ถุงมือไนไตรล์; แว่นตานิรภัย; เสื้อคลุม/ผ้ากันเปื้อน,Universal/Chemical Spill Kit; กั้นพื้นที่; ดูดซับจากขอบเข้าหาศูนย์กลาง,ผิวหนัง/ตา: ล้างน้ำอย่างน้อย 15 นาที; สูดดม: ย้ายสู่อากาศบริสุทธิ์; มีอาการให้พบแพทย์,ห้ามสัมผัสมือเปล่า; ห้ามเทลงท่อ; ห้ามผสมสารอื่นโดยไม่ตรวจ SDS,ร่างเบื้องต้น—ต้องยืนยันกับ SDS ของผลิตภัณฑ์ก่อนประกาศใช้
CHEM-059,SDS-CHEM-059,QR-CHEM-059,/SDS/SDS-CHEM-059.pdf,Eosin Y (Wright-Giemsa),LAB,สีย้อม/รีเอเจนต์ห้องปฏิบัติการ,ถุงมือไนไตรล์; Goggles; เสื้อคลุม; หน้ากากเมื่อเป็นผง/มีไอตาม SDS,Universal/Chemical Spill Kit; กั้นพื้นที่; ดูดซับจากขอบเข้าหาศูนย์กลาง,ผิวหนัง/ตา: ล้างน้ำอย่างน้อย 15 นาที; สูดดม: ย้ายสู่อากาศบริสุทธิ์; มีอาการให้พบแพทย์,ห้ามสัมผัสมือเปล่า; ห้ามเทลงท่อ; ห้ามผสมสารอื่นโดยไม่ตรวจ SDS,ร่างเบื้องต้น—ต้องยืนยันกับ SDS ของผลิตภัณฑ์ก่อนประกาศใช้
CHEM-060,SDS-CHEM-060,QR-CHEM-060,/SDS/SDS-CHEM-060.pdf,Ethoxylated alcohol 9EO 3.000% w/w,OPD,สารไวไฟ/ตัวทำละลาย,ถุงมือที่ SDS ระบุ; Goggles; เสื้อคลุม; ตลับกรองไออินทรีย์เมื่อผ่านการประเมิน,Solvent Spill Kit; ปิดแหล่งจุดติดไฟ; ใช้วัสดุดูดซับไม่ก่อประกาย,ผิวหนัง/ตา: ล้างน้ำอย่างน้อย 15 นาที; สูดดม: ย้ายสู่อากาศบริสุทธิ์; มีอาการให้พบแพทย์,ห้ามเปลวไฟ ประกายไฟ สูบบุหรี่ หรือใช้อุปกรณ์ก่อประกาย; ห้ามลงท่อ,ร่างเบื้องต้น—ต้องยืนยันกับ SDS ของผลิตภัณฑ์ก่อนประกาศใช้
CHEM-061,SDS-CHEM-061,QR-CHEM-061,/SDS/SDS-CHEM-061.pdf,Ethoxylated alcohol (9EO) 3.00% w/w,แม่บ้าน/บริหาร,สารไวไฟ/ตัวทำละลาย,ถุงมือที่ SDS ระบุ; Goggles; เสื้อคลุม; ตลับกรองไออินทรีย์เมื่อผ่านการประเมิน,Solvent Spill Kit; ปิดแหล่งจุดติดไฟ; ใช้วัสดุดูดซับไม่ก่อประกาย,ผิวหนัง/ตา: ล้างน้ำอย่างน้อย 15 นาที; สูดดม: ย้ายสู่อากาศบริสุทธิ์; มีอาการให้พบแพทย์,ห้ามเปลวไฟ ประกายไฟ สูบบุหรี่ หรือใช้อุปกรณ์ก่อประกาย; ห้ามลงท่อ,ร่างเบื้องต้น—ต้องยืนยันกับ SDS ของผลิตภัณฑ์ก่อนประกาศใช้
CHEM-062,SDS-CHEM-062,QR-CHEM-062,/SDS/SDS-CHEM-062.pdf,Ethyl chloride spray,ห้องยา,สารไวไฟ/ตัวทำละลาย,ถุงมือที่ SDS ระบุ; Goggles; เสื้อคลุม; ตลับกรองไออินทรีย์เมื่อผ่านการประเมิน,Solvent Spill Kit; ปิดแหล่งจุดติดไฟ; ใช้วัสดุดูดซับไม่ก่อประกาย,ผิวหนัง/ตา: ล้างน้ำอย่างน้อย 15 นาที; สูดดม: ย้ายสู่อากาศบริสุทธิ์; มีอาการให้พบแพทย์,ห้ามเปลวไฟ ประกายไฟ สูบบุหรี่ หรือใช้อุปกรณ์ก่อประกาย; ห้ามลงท่อ,ร่างเบื้องต้น—ต้องยืนยันกับ SDS ของผลิตภัณฑ์ก่อนประกาศใช้
CHEM-063,SDS-CHEM-063,QR-CHEM-063,/SDS/SDS-CHEM-063.pdf,Fixer (น้ำยาคงสภาพภาพบนฟิล์ม),ทันตกรรม,น้ำยาถ่ายภาพ/สารระคายเคือง,ถุงมือไนไตรล์; Goggles; Face shield เมื่อเสี่ยงกระเด็น,Chemical Spill Kit; แยกเก็บของเสียเฉพาะ; ห้ามลงท่อ,ผิวหนัง/ตา: ล้างน้ำอย่างน้อย 15 นาที; สูดดม: ย้ายสู่อากาศบริสุทธิ์; มีอาการให้พบแพทย์,ห้ามผสม Developer กับ Fixer หรือสารทำความสะอาดอื่น; ห้ามทิ้งลงท่อ,ร่างเบื้องต้น—ต้องยืนยันกับ SDS ของผลิตภัณฑ์ก่อนประกาศใช้
CHEM-064,SDS-CHEM-064,QR-CHEM-064,/SDS/SDS-CHEM-064.pdf,Formalin (Formaldehyde 37%),LAB/พยาธิ/หน่วยงานที่ใช้,สารพิษ/สารก่อมะเร็ง/ระคายเคือง,ถุงมือไนไตรล์ 2 ชั้น; Goggles; Face shield; ชุดกันซึม; หน้ากากตาม SDS,Formalin Spill Kit; ปิดกั้นพื้นที่; ใช้ตัวดูดซับ/neutralizer เฉพาะ,ผิวหนัง/ตา: ล้างน้ำอย่างน้อย 15 นาที; สูดดม: ย้ายสู่อากาศบริสุทธิ์; มีอาการให้พบแพทย์,ห้ามสูดดม; ห้ามเข้าพื้นที่โดยไม่มี PPE ที่เหมาะสม; ห้ามใช้น้ำยาฟอกขาว,ร่างเบื้องต้น—ต้องยืนยันกับ SDS ของผลิตภัณฑ์ก่อนประกาศใช้
CHEM-065,SDS-CHEM-065,QR-CHEM-065,/SDS/SDS-CHEM-065.pdf,Gram iodine (Gram stain),LAB,สีย้อม/รีเอเจนต์ห้องปฏิบัติการ,ถุงมือไนไตรล์; Goggles; เสื้อคลุม; หน้ากากเมื่อเป็นผง/มีไอตาม SDS,Universal/Chemical Spill Kit; กั้นพื้นที่; ดูดซับจากขอบเข้าหาศูนย์กลาง,ผิวหนัง/ตา: ล้างน้ำอย่างน้อย 15 นาที; สูดดม: ย้ายสู่อากาศบริสุทธิ์; มีอาการให้พบแพทย์,ห้ามสัมผัสมือเปล่า; ห้ามเทลงท่อ; ห้ามผสมสารอื่นโดยไม่ตรวจ SDS,ร่างเบื้องต้น—ต้องยืนยันกับ SDS ของผลิตภัณฑ์ก่อนประกาศใช้
CHEM-066,SDS-CHEM-066,QR-CHEM-066,/SDS/SDS-CHEM-066.pdf,Hard paraffin,ผลิต,น้ำมัน/ไข/สารอินทรีย์ความเสี่ยงต่ำถึงปานกลาง,ถุงมือไนไตรล์; แว่นตานิรภัย; เสื้อคลุม/ผ้ากันเปื้อน,Universal Spill Kit; ใช้วัสดุดูดซับน้ำมัน; ระวังพื้นลื่น,ผิวหนัง/ตา: ล้างน้ำอย่างน้อย 15 นาที; สูดดม: ย้ายสู่อากาศบริสุทธิ์; มีอาการให้พบแพทย์,ห้ามปล่อยลงท่อ; หลีกเลี่ยงแหล่งความร้อน; กั้นพื้นที่กันลื่น,ร่างเบื้องต้น—ต้องยืนยันกับ SDS ของผลิตภัณฑ์ก่อนประกาศใช้
CHEM-067,SDS-CHEM-067,QR-CHEM-067,/SDS/SDS-CHEM-067.pdf,Hydrochloric acid 15% w/w + Ethoxylated alcohol 2.0% w/w,แม่บ้าน/บริหาร,กรด/สารกัดกร่อนหรือระคายเคือง,ถุงมือกันกรด; Chemical goggles; Face shield; ชุดกันสารเคมี,Acid Spill Kit; ใช้ตัวดูดซับ/neutralizer ที่ SDS อนุญาต,ผิวหนัง/ตา: ล้างน้ำอย่างน้อย 15 นาที; สูดดม: ย้ายสู่อากาศบริสุทธิ์; มีอาการให้พบแพทย์,ห้ามผสมด่างหรือ Sodium hypochlorite; ห้ามเทน้ำลงกรดเข้มข้น,ร่างเบื้องต้น—ต้องยืนยันกับ SDS ของผลิตภัณฑ์ก่อนประกาศใช้
CHEM-068,SDS-CHEM-068,QR-CHEM-068,/SDS/SDS-CHEM-068.pdf,Hydrogen Peroxide 15 oz,ห้องยา/หน่วยใช้กลาง,สารออกซิไดซ์/กัดกร่อน,ถุงมือกันสารเคมี; Chemical goggles; Face shield; ชุดกันสารเคมี,Oxidizer Spill Kit; วัสดุเฉื่อยไม่ติดไฟ; ระบายอากาศตาม SDS,ผิวหนัง/ตา: ล้างน้ำอย่างน้อย 15 นาที; สูดดม: ย้ายสู่อากาศบริสุทธิ์; มีอาการให้พบแพทย์,ห้ามสัมผัสสารอินทรีย์ โลหะ หรือสารไวไฟ; ห้ามใช้ขี้เลื่อย,ร่างเบื้องต้น—ต้องยืนยันกับ SDS ของผลิตภัณฑ์ก่อนประกาศใช้
CHEM-069,SDS-CHEM-069,QR-CHEM-069,/SDS/SDS-CHEM-069.pdf,Hydroxyethyl Cellulose,OPD,น้ำยาทำความสะอาด/ฆ่าเชื้อ/สารลดแรงตึงผิว,ถุงมือไนไตรล์; แว่นตานิรภัย; เสื้อคลุม/ผ้ากันเปื้อน,Universal/Chemical Spill Kit; กั้นพื้นที่; ดูดซับจากขอบเข้าหาศูนย์กลาง,ผิวหนัง/ตา: ล้างน้ำอย่างน้อย 15 นาที; สูดดม: ย้ายสู่อากาศบริสุทธิ์; มีอาการให้พบแพทย์,ห้ามสัมผัสมือเปล่า; ห้ามเทลงท่อ; ห้ามผสมสารอื่นโดยไม่ตรวจ SDS,ร่างเบื้องต้น—ต้องยืนยันกับ SDS ของผลิตภัณฑ์ก่อนประกาศใช้
CHEM-070,SDS-CHEM-070,QR-CHEM-070,/SDS/SDS-CHEM-070.pdf,Isopropyl Alcohol 70% (Sheets),Skin/ห้องผ่าตัด,สารไวไฟ/ตัวทำละลาย,ถุงมือที่ SDS ระบุ; Goggles; เสื้อคลุม; ตลับกรองไออินทรีย์เมื่อผ่านการประเมิน,Solvent Spill Kit; ปิดแหล่งจุดติดไฟ; ใช้วัสดุดูดซับไม่ก่อประกาย,ผิวหนัง/ตา: ล้างน้ำอย่างน้อย 15 นาที; สูดดม: ย้ายสู่อากาศบริสุทธิ์; มีอาการให้พบแพทย์,ห้ามเปลวไฟ ประกายไฟ สูบบุหรี่ หรือใช้อุปกรณ์ก่อประกาย; ห้ามลงท่อ,ร่างเบื้องต้น—ต้องยืนยันกับ SDS ของผลิตภัณฑ์ก่อนประกาศใช้
CHEM-071,SDS-CHEM-071,QR-CHEM-071,/SDS/SDS-CHEM-071.pdf,Linear alkyl benzene sulfonate / Linear alkyl benzyl sulfonate,OPD/แม่บ้าน,สารเคมีทั่วไป/ระคายเคือง,ถุงมือไนไตรล์; แว่นตานิรภัย; เสื้อคลุม/ผ้ากันเปื้อน,Universal/Chemical Spill Kit; กั้นพื้นที่; ดูดซับจากขอบเข้าหาศูนย์กลาง,ผิวหนัง/ตา: ล้างน้ำอย่างน้อย 15 นาที; สูดดม: ย้ายสู่อากาศบริสุทธิ์; มีอาการให้พบแพทย์,ห้ามสัมผัสมือเปล่า; ห้ามเทลงท่อ; ห้ามผสมสารอื่นโดยไม่ตรวจ SDS,ร่างเบื้องต้น—ต้องยืนยันกับ SDS ของผลิตภัณฑ์ก่อนประกาศใช้
CHEM-072,SDS-CHEM-072,QR-CHEM-072,/SDS/SDS-CHEM-072.pdf,Liquid Nitrogen (ไนโตรเจนเหลว),Skin/ห้องผ่าตัด,ก๊าซเหลวเย็นจัด/ทำให้ขาดออกซิเจน,ถุงมือกันความเย็นแบบหลวม; Face shield; แว่นตา; รองเท้าหุ้มส้น,กั้นพื้นที่และระบายอากาศ; ปล่อยให้ระเหยในพื้นที่อากาศถ่ายเท; ไม่ใช้วัสดุดูดซับ,ผิวหนัง/ตา: ล้างด้วยน้ำอุ่นอุณหภูมิห้อง ห้ามถู; สูดดม: ย้ายสู่อากาศบริสุทธิ์และฉุกเฉิน,ห้ามสัมผัสมือเปล่า; ห้ามกักในภาชนะปิด; ห้ามเข้าพื้นที่อับอากาศ,ร่างเบื้องต้น—ต้องยืนยันกับ SDS ของผลิตภัณฑ์ก่อนประกาศใช้
CHEM-073,SDS-CHEM-073,QR-CHEM-073,/SDS/SDS-CHEM-073.pdf,Liquid paraffin,ผลิต,น้ำมัน/ไข/สารอินทรีย์ความเสี่ยงต่ำถึงปานกลาง,ถุงมือไนไตรล์; แว่นตานิรภัย; เสื้อคลุม/ผ้ากันเปื้อน,Universal Spill Kit; ใช้วัสดุดูดซับน้ำมัน; ระวังพื้นลื่น,ผิวหนัง/ตา: ล้างน้ำอย่างน้อย 15 นาที; สูดดม: ย้ายสู่อากาศบริสุทธิ์; มีอาการให้พบแพทย์,ห้ามปล่อยลงท่อ; หลีกเลี่ยงแหล่งความร้อน; กั้นพื้นที่กันลื่น,ร่างเบื้องต้น—ต้องยืนยันกับ SDS ของผลิตภัณฑ์ก่อนประกาศใช้
CHEM-074,SDS-CHEM-074,QR-CHEM-074,/SDS/SDS-CHEM-074.pdf,Menthol,ผลิต,สารอินทรีย์มีกลิ่น/อาจไวไฟหรือระคายเคือง,ถุงมือไนไตรล์; แว่นตานิรภัย; เสื้อคลุม/ผ้ากันเปื้อน,Universal/Solvent Spill Kit ตาม SDS; เก็บห่างแหล่งจุดติดไฟ,ผิวหนัง/ตา: ล้างน้ำอย่างน้อย 15 นาที; สูดดม: ย้ายสู่อากาศบริสุทธิ์; มีอาการให้พบแพทย์,ห้ามความร้อน/ประกายไฟเมื่อ SDS ระบุไวไฟ; ห้ามรับประทาน,ร่างเบื้องต้น—ต้องยืนยันกับ SDS ของผลิตภัณฑ์ก่อนประกาศใช้
CHEM-075,SDS-CHEM-075,QR-CHEM-075,/SDS/SDS-CHEM-075.pdf,Methyl alcohol (Wright-Giemsa),LAB,สารไวไฟ/ตัวทำละลาย,ถุงมือที่ SDS ระบุ; Goggles; เสื้อคลุม; ตลับกรองไออินทรีย์เมื่อผ่านการประเมิน,Solvent Spill Kit; ปิดแหล่งจุดติดไฟ; ใช้วัสดุดูดซับไม่ก่อประกาย,ผิวหนัง/ตา: ล้างน้ำอย่างน้อย 15 นาที; สูดดม: ย้ายสู่อากาศบริสุทธิ์; มีอาการให้พบแพทย์,ห้ามเปลวไฟ ประกายไฟ สูบบุหรี่ หรือใช้อุปกรณ์ก่อประกาย; ห้ามลงท่อ,ร่างเบื้องต้น—ต้องยืนยันกับ SDS ของผลิตภัณฑ์ก่อนประกาศใช้
CHEM-076,SDS-CHEM-076,QR-CHEM-076,/SDS/SDS-CHEM-076.pdf,Methylene blue (Wright-Giemsa),LAB,สีย้อม/รีเอเจนต์ห้องปฏิบัติการ,ถุงมือไนไตรล์; Goggles; เสื้อคลุม; หน้ากากเมื่อเป็นผง/มีไอตาม SDS,Universal/Chemical Spill Kit; กั้นพื้นที่; ดูดซับจากขอบเข้าหาศูนย์กลาง,ผิวหนัง/ตา: ล้างน้ำอย่างน้อย 15 นาที; สูดดม: ย้ายสู่อากาศบริสุทธิ์; มีอาการให้พบแพทย์,ห้ามสัมผัสมือเปล่า; ห้ามเทลงท่อ; ห้ามผสมสารอื่นโดยไม่ตรวจ SDS,ร่างเบื้องต้น—ต้องยืนยันกับ SDS ของผลิตภัณฑ์ก่อนประกาศใช้
CHEM-077,SDS-CHEM-077,QR-CHEM-077,/SDS/SDS-CHEM-077.pdf,Methyl salicylate,ผลิต,สารอินทรีย์มีกลิ่น/อาจไวไฟหรือระคายเคือง,ถุงมือไนไตรล์; แว่นตานิรภัย; เสื้อคลุม/ผ้ากันเปื้อน,Universal/Solvent Spill Kit ตาม SDS; เก็บห่างแหล่งจุดติดไฟ,ผิวหนัง/ตา: ล้างน้ำอย่างน้อย 15 นาที; สูดดม: ย้ายสู่อากาศบริสุทธิ์; มีอาการให้พบแพทย์,ห้ามความร้อน/ประกายไฟเมื่อ SDS ระบุไวไฟ; ห้ามรับประทาน,ร่างเบื้องต้น—ต้องยืนยันกับ SDS ของผลิตภัณฑ์ก่อนประกาศใช้
CHEM-078,SDS-CHEM-078,QR-CHEM-078,/SDS/SDS-CHEM-078.pdf,Peppermint oil,ผลิต,สารอินทรีย์มีกลิ่น/อาจไวไฟหรือระคายเคือง,ถุงมือไนไตรล์; แว่นตานิรภัย; เสื้อคลุม/ผ้ากันเปื้อน,Universal/Solvent Spill Kit ตาม SDS; เก็บห่างแหล่งจุดติดไฟ,ผิวหนัง/ตา: ล้างน้ำอย่างน้อย 15 นาที; สูดดม: ย้ายสู่อากาศบริสุทธิ์; มีอาการให้พบแพทย์,ห้ามความร้อน/ประกายไฟเมื่อ SDS ระบุไวไฟ; ห้ามรับประทาน,ร่างเบื้องต้น—ต้องยืนยันกับ SDS ของผลิตภัณฑ์ก่อนประกาศใช้
CHEM-079,SDS-CHEM-079,QR-CHEM-079,/SDS/SDS-CHEM-079.pdf,"Peracetic acid 4.5%, Hydrogen Peroxide",ไตเทียม,สารออกซิไดซ์/กัดกร่อน,ถุงมือกันสารเคมี; Chemical goggles; Face shield; ชุดกันสารเคมี,Oxidizer Spill Kit; วัสดุเฉื่อยไม่ติดไฟ; ระบายอากาศตาม SDS,ผิวหนัง/ตา: ล้างน้ำอย่างน้อย 15 นาที; สูดดม: ย้ายสู่อากาศบริสุทธิ์; มีอาการให้พบแพทย์,ห้ามสัมผัสสารอินทรีย์ โลหะ หรือสารไวไฟ; ห้ามใช้ขี้เลื่อย,ร่างเบื้องต้น—ต้องยืนยันกับ SDS ของผลิตภัณฑ์ก่อนประกาศใช้
CHEM-080,SDS-CHEM-080,QR-CHEM-080,/SDS/SDS-CHEM-080.pdf,"Polyacrylic Acid Salt, Sodium Xylene Sulfonate",จ่ายกลาง (CSSD),น้ำยาทำความสะอาด/ฆ่าเชื้อ/สารลดแรงตึงผิว,ถุงมือไนไตรล์; แว่นตานิรภัย; เสื้อคลุม/ผ้ากันเปื้อน,Universal/Chemical Spill Kit; กั้นพื้นที่; ดูดซับจากขอบเข้าหาศูนย์กลาง,ผิวหนัง/ตา: ล้างน้ำอย่างน้อย 15 นาที; สูดดม: ย้ายสู่อากาศบริสุทธิ์; มีอาการให้พบแพทย์,ห้ามสัมผัสมือเปล่า; ห้ามเทลงท่อ; ห้ามผสมสารอื่นโดยไม่ตรวจ SDS,ร่างเบื้องต้น—ต้องยืนยันกับ SDS ของผลิตภัณฑ์ก่อนประกาศใช้
CHEM-081,SDS-CHEM-081,QR-CHEM-081,/SDS/SDS-CHEM-081.pdf,Polyoxyethylene/Sorbitan monolaurate,บริหาร/แม่บ้าน,น้ำยาทำความสะอาด/ฆ่าเชื้อ/สารลดแรงตึงผิว,ถุงมือไนไตรล์; แว่นตานิรภัย; เสื้อคลุม/ผ้ากันเปื้อน,Universal/Chemical Spill Kit; กั้นพื้นที่; ดูดซับจากขอบเข้าหาศูนย์กลาง,ผิวหนัง/ตา: ล้างน้ำอย่างน้อย 15 นาที; สูดดม: ย้ายสู่อากาศบริสุทธิ์; มีอาการให้พบแพทย์,ห้ามสัมผัสมือเปล่า; ห้ามเทลงท่อ; ห้ามผสมสารอื่นโดยไม่ตรวจ SDS,ร่างเบื้องต้น—ต้องยืนยันกับ SDS ของผลิตภัณฑ์ก่อนประกาศใช้
CHEM-082,SDS-CHEM-082,QR-CHEM-082,/SDS/SDS-CHEM-082.pdf,Propylene glycol,ผลิต,น้ำมัน/ไข/สารอินทรีย์ความเสี่ยงต่ำถึงปานกลาง,ถุงมือไนไตรล์; แว่นตานิรภัย; เสื้อคลุม/ผ้ากันเปื้อน,Universal Spill Kit; ใช้วัสดุดูดซับน้ำมัน; ระวังพื้นลื่น,ผิวหนัง/ตา: ล้างน้ำอย่างน้อย 15 นาที; สูดดม: ย้ายสู่อากาศบริสุทธิ์; มีอาการให้พบแพทย์,ห้ามปล่อยลงท่อ; หลีกเลี่ยงแหล่งความร้อน; กั้นพื้นที่กันลื่น,ร่างเบื้องต้น—ต้องยืนยันกับ SDS ของผลิตภัณฑ์ก่อนประกาศใช้
CHEM-083,SDS-CHEM-083,QR-CHEM-083,/SDS/SDS-CHEM-083.pdf,Rebase Fast Liquid,ทันตกรรม,สารไวไฟ/ตัวทำละลาย,ถุงมือที่ SDS ระบุ; Goggles; เสื้อคลุม; ตลับกรองไออินทรีย์เมื่อผ่านการประเมิน,Solvent Spill Kit; ปิดแหล่งจุดติดไฟ; ใช้วัสดุดูดซับไม่ก่อประกาย,ผิวหนัง/ตา: ล้างน้ำอย่างน้อย 15 นาที; สูดดม: ย้ายสู่อากาศบริสุทธิ์; มีอาการให้พบแพทย์,ห้ามเปลวไฟ ประกายไฟ สูบบุหรี่ หรือใช้อุปกรณ์ก่อประกาย; ห้ามลงท่อ,ร่างเบื้องต้น—ต้องยืนยันกับ SDS ของผลิตภัณฑ์ก่อนประกาศใช้
CHEM-084,SDS-CHEM-084,QR-CHEM-084,/SDS/SDS-CHEM-084.pdf,Safranin (Gram stain),LAB,สีย้อม/รีเอเจนต์ห้องปฏิบัติการ,ถุงมือไนไตรล์; Goggles; เสื้อคลุม; หน้ากากเมื่อเป็นผง/มีไอตาม SDS,Universal/Chemical Spill Kit; กั้นพื้นที่; ดูดซับจากขอบเข้าหาศูนย์กลาง,ผิวหนัง/ตา: ล้างน้ำอย่างน้อย 15 นาที; สูดดม: ย้ายสู่อากาศบริสุทธิ์; มีอาการให้พบแพทย์,ห้ามสัมผัสมือเปล่า; ห้ามเทลงท่อ; ห้ามผสมสารอื่นโดยไม่ตรวจ SDS,ร่างเบื้องต้น—ต้องยืนยันกับ SDS ของผลิตภัณฑ์ก่อนประกาศใช้
CHEM-085,SDS-CHEM-085,QR-CHEM-085,/SDS/SDS-CHEM-085.pdf,Salicylic acid,ผลิต,กรด/สารกัดกร่อนหรือระคายเคือง,ถุงมือกันกรด; Chemical goggles; Face shield; ชุดกันสารเคมี,Acid Spill Kit; ใช้ตัวดูดซับ/neutralizer ที่ SDS อนุญาต,ผิวหนัง/ตา: ล้างน้ำอย่างน้อย 15 นาที; สูดดม: ย้ายสู่อากาศบริสุทธิ์; มีอาการให้พบแพทย์,ห้ามผสมด่างหรือ Sodium hypochlorite; ห้ามเทน้ำลงกรดเข้มข้น,ร่างเบื้องต้น—ต้องยืนยันกับ SDS ของผลิตภัณฑ์ก่อนประกาศใช้
CHEM-086,SDS-CHEM-086,QR-CHEM-086,/SDS/SDS-CHEM-086.pdf,Sodium Hypochlorite 10%,ปฐมภูมิ,สารออกซิไดซ์/กัดกร่อน,ถุงมือไนไตรล์; Chemical goggles; Face shield; ชุดกันสารเคมี,Oxidizer Spill Kit/วัสดุเฉื่อยที่เข้ากันได้; กั้นพื้นที่และระบายอากาศตาม SDS,ผิวหนัง/ตา: ล้างน้ำอย่างน้อย 15 นาที; สูดดม: ย้ายสู่อากาศบริสุทธิ์; มีอาการให้พบแพทย์,ห้ามผสมกรด แอมโมเนีย หรือสารทำความสะอาดอื่น; ห้ามใช้ขี้เลื่อย,ร่างเบื้องต้น—ต้องยืนยันกับ SDS ของผลิตภัณฑ์ก่อนประกาศใช้
CHEM-087,SDS-CHEM-087,QR-CHEM-087,/SDS/SDS-CHEM-087.pdf,Sodium Hypochlorite 2.5%,ทันตกรรม,สารออกซิไดซ์/กัดกร่อน,ถุงมือไนไตรล์; Chemical goggles; Face shield; ชุดกันสารเคมี,Oxidizer Spill Kit/วัสดุเฉื่อยที่เข้ากันได้; กั้นพื้นที่และระบายอากาศตาม SDS,ผิวหนัง/ตา: ล้างน้ำอย่างน้อย 15 นาที; สูดดม: ย้ายสู่อากาศบริสุทธิ์; มีอาการให้พบแพทย์,ห้ามผสมกรด แอมโมเนีย หรือสารทำความสะอาดอื่น; ห้ามใช้ขี้เลื่อย,ร่างเบื้องต้น—ต้องยืนยันกับ SDS ของผลิตภัณฑ์ก่อนประกาศใช้
CHEM-088,SDS-CHEM-088,QR-CHEM-088,/SDS/SDS-CHEM-088.pdf,Sodium Hypochlorite 6%,OPD/แม่บ้าน,สารออกซิไดซ์/กัดกร่อน,ถุงมือไนไตรล์; Chemical goggles; Face shield; ชุดกันสารเคมี,Oxidizer Spill Kit/วัสดุเฉื่อยที่เข้ากันได้; กั้นพื้นที่และระบายอากาศตาม SDS,ผิวหนัง/ตา: ล้างน้ำอย่างน้อย 15 นาที; สูดดม: ย้ายสู่อากาศบริสุทธิ์; มีอาการให้พบแพทย์,ห้ามผสมกรด แอมโมเนีย หรือสารทำความสะอาดอื่น; ห้ามใช้ขี้เลื่อย,ร่างเบื้องต้น—ต้องยืนยันกับ SDS ของผลิตภัณฑ์ก่อนประกาศใช้
CHEM-089,SDS-CHEM-089,QR-CHEM-089,/SDS/SDS-CHEM-089.pdf,Sodium Hypochlorite Hydrated,ปฐมภูมิ,สารออกซิไดซ์/กัดกร่อน,ถุงมือไนไตรล์; Chemical goggles; Face shield; ชุดกันสารเคมี,Oxidizer Spill Kit/วัสดุเฉื่อยที่เข้ากันได้; กั้นพื้นที่และระบายอากาศตาม SDS,ผิวหนัง/ตา: ล้างน้ำอย่างน้อย 15 นาที; สูดดม: ย้ายสู่อากาศบริสุทธิ์; มีอาการให้พบแพทย์,ห้ามผสมกรด แอมโมเนีย หรือสารทำความสะอาดอื่น; ห้ามใช้ขี้เลื่อย,ร่างเบื้องต้น—ต้องยืนยันกับ SDS ของผลิตภัณฑ์ก่อนประกาศใช้
CHEM-090,SDS-CHEM-090,QR-CHEM-090,/SDS/SDS-CHEM-090.pdf,Sodium Lauryl Sulfate,ผลิต/หน่วยใช้กลาง,น้ำยาทำความสะอาด/ฆ่าเชื้อ/สารลดแรงตึงผิว,ถุงมือไนไตรล์; แว่นตานิรภัย; เสื้อคลุม/ผ้ากันเปื้อน,Universal/Chemical Spill Kit; กั้นพื้นที่; ดูดซับจากขอบเข้าหาศูนย์กลาง,ผิวหนัง/ตา: ล้างน้ำอย่างน้อย 15 นาที; สูดดม: ย้ายสู่อากาศบริสุทธิ์; มีอาการให้พบแพทย์,ห้ามสัมผัสมือเปล่า; ห้ามเทลงท่อ; ห้ามผสมสารอื่นโดยไม่ตรวจ SDS,ร่างเบื้องต้น—ต้องยืนยันกับ SDS ของผลิตภัณฑ์ก่อนประกาศใช้
CHEM-091,SDS-CHEM-091,QR-CHEM-091,/SDS/SDS-CHEM-091.pdf,Stearyl alcohol,ผลิต,สารไวไฟ/ตัวทำละลาย,ถุงมือที่ SDS ระบุ; Goggles; เสื้อคลุม; ตลับกรองไออินทรีย์เมื่อผ่านการประเมิน,Solvent Spill Kit; ปิดแหล่งจุดติดไฟ; ใช้วัสดุดูดซับไม่ก่อประกาย,ผิวหนัง/ตา: ล้างน้ำอย่างน้อย 15 นาที; สูดดม: ย้ายสู่อากาศบริสุทธิ์; มีอาการให้พบแพทย์,ห้ามเปลวไฟ ประกายไฟ สูบบุหรี่ หรือใช้อุปกรณ์ก่อประกาย; ห้ามลงท่อ,ร่างเบื้องต้น—ต้องยืนยันกับ SDS ของผลิตภัณฑ์ก่อนประกาศใช้
CHEM-092,SDS-CHEM-092,QR-CHEM-092,/SDS/SDS-CHEM-092.pdf,Temephos 1%,ปฐมภูมิ,สารกำจัดแมลง,ถุงมือไนไตรล์; แว่นตา; หน้ากากตาม SDS; เสื้อแขนยาว,Pesticide/Chemical Spill Kit; กั้นพื้นที่; เก็บเป็นของเสียอันตราย,ผิวหนัง/ตา: ล้างน้ำอย่างน้อย 15 นาที; สูดดม: ย้ายสู่อากาศบริสุทธิ์; มีอาการให้พบแพทย์,ห้ามสูดดม/สัมผัสโดยตรง; ห้ามใช้ใกล้อาหาร; ห้ามลงท่อหรือแหล่งน้ำ,ร่างเบื้องต้น—ต้องยืนยันกับ SDS ของผลิตภัณฑ์ก่อนประกาศใช้
CHEM-093,SDS-CHEM-093,QR-CHEM-093,/SDS/SDS-CHEM-093.pdf,Ultrasound Gel,OPD/หน่วยตรวจ,น้ำยาทำความสะอาด/ฆ่าเชื้อ/สารลดแรงตึงผิว,ถุงมือไนไตรล์; แว่นตานิรภัย; เสื้อคลุม/ผ้ากันเปื้อน,Universal/Chemical Spill Kit; กั้นพื้นที่; ดูดซับจากขอบเข้าหาศูนย์กลาง,ผิวหนัง/ตา: ล้างน้ำอย่างน้อย 15 นาที; สูดดม: ย้ายสู่อากาศบริสุทธิ์; มีอาการให้พบแพทย์,ห้ามสัมผัสมือเปล่า; ห้ามเทลงท่อ; ห้ามผสมสารอื่นโดยไม่ตรวจ SDS,ร่างเบื้องต้น—ต้องยืนยันกับ SDS ของผลิตภัณฑ์ก่อนประกาศใช้
CHEM-094,SDS-CHEM-094,QR-CHEM-094,/SDS/SDS-CHEM-094.pdf,Unifast trad,ทันตกรรม,สารไวไฟ/ตัวทำละลาย,ถุงมือที่ SDS ระบุ; Goggles; เสื้อคลุม; ตลับกรองไออินทรีย์เมื่อผ่านการประเมิน,Solvent Spill Kit; ปิดแหล่งจุดติดไฟ; ใช้วัสดุดูดซับไม่ก่อประกาย,ผิวหนัง/ตา: ล้างน้ำอย่างน้อย 15 นาที; สูดดม: ย้ายสู่อากาศบริสุทธิ์; มีอาการให้พบแพทย์,ห้ามเปลวไฟ ประกายไฟ สูบบุหรี่ หรือใช้อุปกรณ์ก่อประกาย; ห้ามลงท่อ,ร่างเบื้องต้น—ต้องยืนยันกับ SDS ของผลิตภัณฑ์ก่อนประกาศใช้
CHEM-095,SDS-CHEM-095,QR-CHEM-095,/SDS/SDS-CHEM-095.pdf,White oil,ผลิต,น้ำมัน/ไข/สารอินทรีย์ความเสี่ยงต่ำถึงปานกลาง,ถุงมือไนไตรล์; แว่นตานิรภัย; เสื้อคลุม/ผ้ากันเปื้อน,Universal Spill Kit; ใช้วัสดุดูดซับน้ำมัน; ระวังพื้นลื่น,ผิวหนัง/ตา: ล้างน้ำอย่างน้อย 15 นาที; สูดดม: ย้ายสู่อากาศบริสุทธิ์; มีอาการให้พบแพทย์,ห้ามปล่อยลงท่อ; หลีกเลี่ยงแหล่งความร้อน; กั้นพื้นที่กันลื่น,ร่างเบื้องต้น—ต้องยืนยันกับ SDS ของผลิตภัณฑ์ก่อนประกาศใช้
CHEM-096,SDS-CHEM-096,QR-CHEM-096,/SDS/SDS-CHEM-096.pdf,White vaseline,ผลิต,น้ำมัน/ไข/สารอินทรีย์ความเสี่ยงต่ำถึงปานกลาง,ถุงมือไนไตรล์; แว่นตานิรภัย; เสื้อคลุม/ผ้ากันเปื้อน,Universal Spill Kit; ใช้วัสดุดูดซับน้ำมัน; ระวังพื้นลื่น,ผิวหนัง/ตา: ล้างน้ำอย่างน้อย 15 นาที; สูดดม: ย้ายสู่อากาศบริสุทธิ์; มีอาการให้พบแพทย์,ห้ามปล่อยลงท่อ; หลีกเลี่ยงแหล่งความร้อน; กั้นพื้นที่กันลื่น,ร่างเบื้องต้น—ต้องยืนยันกับ SDS ของผลิตภัณฑ์ก่อนประกาศใช้
